Time [s],Channel 3
0.000000000,1
13.317471500,0
13.317475900,1
13.317488900,0
13.317493200,1
13.317501900,0
13.317510600,1
13.317515000,0
13.317523700,1
13.317528000,0
13.317536700,1
13.317545400,0
13.317554100,1
13.318430400,0
13.318439100,1
13.318447800,0
13.318452100,1
13.318460800,0
13.318469500,1
13.318473800,0
13.318491200,1
13.318504200,0
13.318512900,1
13.318517300,0
13.318521600,1
13.318526000,0
13.318534600,1
13.318547700,0
13.318556400,1
13.318560700,0
13.318569400,1
13.318573700,0
13.318582400,1
13.318591100,0
13.318599800,1
13.318604100,0
13.318608500,1
13.318617200,0
13.318625900,1
13.318634600,0
13.318643200,1
13.318647600,0
13.318651900,1
13.318656300,0
13.318660600,1
13.318665000,0
13.318669300,1
13.318678000,0
13.318686700,1
13.318691000,0
13.318717100,1
13.318721400,0
13.318730100,1
13.318734500,0
13.318738800,1
13.318747500,0
13.318751800,1
13.318760500,0
13.318773500,1
13.318777900,0
13.318782200,1
13.318790900,0
13.318795300,1
13.318804000,0
13.318808300,1
13.318812600,0
13.318817000,1
13.318821300,0
13.318843000,1
13.318851700,0
13.318860400,1
13.318864800,0
13.318869100,1
13.318877800,0
13.318882100,1
13.318895200,0
13.318903900,1
13.318908200,0
13.318912500,1
13.318921200,0
13.318929900,1
13.318938600,0
13.318947300,1
13.318951600,0
13.318956000,1
13.318964700,0
13.318973400,1
13.318982000,0
13.318990700,1
13.318995100,0
13.318999400,1
13.319003800,0
13.319008100,1
13.319016800,0
13.319021100,1
13.319029800,0
13.319034200,1
13.319038500,0
13.319042900,1
13.319051500,0
13.319055900,1
13.319064600,0
13.319068900,1
13.319073300,0
13.319077600,1
13.319082000,0
13.319086300,1
13.319099300,0
13.319103700,1
13.319108000,0
13.319112400,1
13.319116700,0
13.319121000,1
13.319125400,0
13.319129700,1
13.319134100,0
13.319138400,1
13.319151500,0
13.319155800,1
13.319160100,0
13.319164500,1
13.319168800,0
13.319173200,1
13.319181900,0
13.319186200,1
13.319194900,0
13.319199200,1
13.319203600,0
13.319207900,1
13.319212300,0
13.319220900,1
13.319229600,0
13.319234000,1
13.319238300,0
13.319242700,1
13.319247000,0
13.319251400,1
13.319255700,0
13.319260000,1
13.319264400,0
13.319273100,1
13.319277400,0
13.319281800,1
13.319290400,0
13.319294800,1
13.319299100,0
13.319303500,1
13.319307800,0
13.319312200,1
13.319316500,0
13.319325200,1
13.319333900,0
13.319338200,1
13.319342600,0
13.319346900,1
13.319359900,0
13.319364300,1
13.319377300,0
13.319381700,1
13.319386000,0
13.319407700,1
13.319412100,0
13.319416400,1
13.319420800,0
13.319425100,1
13.319429400,0
13.319433800,1
13.319451200,0
13.319455500,1
13.319464200,0
13.319468500,1
13.319472900,0
13.319481600,1
13.319485900,0
13.319494600,1
13.319507600,0
13.319512000,1
13.319516300,0
13.319529300,1
13.319533700,0
13.319538000,1
13.319551100,0
13.319555400,1
13.319559800,0
13.319564100,1
13.319568400,0
13.319572800,1
13.319585800,0
13.319590200,1
13.319594500,0
13.319598800,1
13.319603200,0
13.319629300,1
13.319633600,0
13.319642300,1
13.319646600,0
13.319651000,1
13.319659700,0
13.319664000,1
13.319672700,0
13.319685700,1
13.320738200,0
13.320742500,1
13.320751200,0
13.320755600,1
13.320764300,0
13.320768600,1
13.320773000,0
13.320777300,1
13.320781600,0
13.320803400,1
13.320812100,0
13.320820700,1
13.320825100,0
13.320829400,1
13.320833800,0
13.320838100,1
13.320846800,0
13.320851100,1
13.320859800,0
13.320864200,1
13.320879200,0
13.320887900,1
13.320896600,0
13.320900900,1
13.320905300,0
13.320909600,1
13.320913900,0
13.320918300,1
13.320922600,0
13.320927000,1
13.320931300,0
13.320940000,1
13.320944300,0
13.320948700,1
13.320957400,0
13.320961700,1
13.320966100,0
13.320970400,1
13.320974800,0
13.320979100,1
13.320983400,0
13.320992100,1
13.321000800,0
13.321005200,1
13.321009500,0
13.321013800,1
13.321026900,0
13.321031200,1
13.321044300,0
13.321048600,1
13.321052900,0
13.321074700,1
13.321079000,0
13.321083300,1
13.321087700,0
13.321092000,1
13.321096400,0
13.321100700,1
13.321118100,0
13.321122400,1
13.321131100,0
13.321135500,1
13.321139800,0
13.321148500,1
13.321152800,0
13.321161500,1
13.321174600,0
13.321178900,1
13.321183300,0
13.321196300,1
13.321200600,0
13.321205000,1
13.321218000,0
13.321222300,1
13.321226700,0
13.321252700,1
13.321257100,0
13.321265800,1
13.321270100,0
13.321283200,1
13.321291800,0
13.321296200,1
13.321304900,0
13.321309200,1
13.321313600,0
13.321317900,1
13.321335300,0
13.321339600,1
13.321348300,0
13.321352700,1
13.321357000,0
13.321361300,1
13.321370000,0
13.321383100,1
13.321391700,0
13.321396100,1
13.321400400,0
13.321404800,1
13.321413500,0
13.321417800,1
13.321422200,0
13.321426500,1
13.321435200,0
13.321439500,1
13.321443900,0
13.321448200,1
13.321452600,0
13.321456900,1
13.321461200,0
13.321465600,1
13.321478600,0
13.321483000,1
13.321487300,0
13.321509000,1
13.321522100,0
13.321526400,1
13.321530700,0
13.321539400,1
13.321543800,0
13.321548100,1
13.321561200,0
13.321569800,1
13.321574200,0
13.321600200,1
13.321604600,0
13.321613300,1
13.321617600,0
13.321622000,1
13.321630700,0
13.321639300,1
13.321652400,0
13.321656700,1
13.321661100,0
13.321665400,1
13.321669700,0
13.321674100,1
13.321678400,0
13.321687100,1
13.321695800,0
13.321700100,1
13.322343700,0
13.322348100,1
13.322352400,0
13.322356700,1
13.322361100,0
13.322369800,1
13.322378500,0
13.322382800,1
13.322387200,0
13.322413200,1
13.322417600,0
13.322426200,1
13.322430600,0
13.322434900,1
13.322439300,0
13.322456700,1
13.322465300,0
13.322469700,1
13.322474000,0
13.322495700,1
13.322508800,0
13.322513100,1
13.322517500,0
13.322539200,1
13.322552200,0
13.322556600,1
13.322560900,0
13.322573900,1
13.322582600,0
13.322587000,1
13.322595700,0
13.322600000,1
13.322604300,0
13.322608700,1
13.322613000,0
13.322621700,1
13.322626100,0
13.322630400,1
13.322639100,0
13.322643400,1
13.322647800,0
13.322652100,1
13.322660800,0
13.322673800,1
13.322682500,0
13.322686900,1
13.322691200,0
13.322695600,1
13.322699900,0
13.322717300,1
13.322726000,0
13.322730300,1
13.322734700,0
13.322747700,1
13.322752000,0
13.322756400,1
13.322769400,0
13.322773700,1
13.322778100,0
13.322782400,1
13.322786800,0
13.322795500,1
13.322799800,0
13.322804100,1
13.322812800,0
13.322817200,1
13.322821500,0
13.322825900,1
13.322843200,0
13.322847600,1
13.322856300,0
13.322860600,1
13.322865000,0
13.322873600,1
13.322886700,0
13.322891000,1
13.322899700,0
13.322904100,1
13.322908400,0
13.322912700,1
13.322921400,0
13.322930100,1
13.322943100,0
13.322947500,1
13.322951800,0
13.322956200,1
13.322973600,0
13.322977900,1
13.322982200,0
13.322990900,1
13.322995300,0
13.322999600,1
13.323008300,0
13.323017000,1
13.323030000,0
13.323034400,1
13.323038700,0
13.323043000,1
13.323047400,0
13.323051700,1
13.323056100,0
13.323064800,1
13.323073500,0
13.323077800,1
13.323082100,0
13.323090800,1
13.323095200,0
13.323103900,1
13.323116900,0
13.323121200,1
13.323125600,0
13.323134300,1
13.323143000,0
13.323147300,1
13.323160300,0
13.323164700,1
13.323169000,0
13.323173400,1
13.323177700,0
13.323186400,1
13.323190700,0
13.323195100,1
13.323203800,0
13.323208100,1
13.323212500,0
13.323216800,1
13.323225500,0
13.323238500,1
13.323247200,0
13.323251500,1
13.323255900,0
13.323260200,1
13.323264600,0
13.323268900,1
13.323273300,0
13.323282000,1
13.323290600,0
13.323295000,1
13.323299300,0
13.323303700,1
13.323312400,0
13.323321000,1
13.323334100,0
13.323338400,1
13.323342800,0
13.323347100,1
13.323364500,0
13.323368800,1
13.323373200,0
13.323381900,1
13.323386200,0
13.323390500,1
13.323403600,0
13.323412300,1
13.323421000,0
13.323425300,1
13.323429600,0
13.323434000,1
13.323438300,0
13.323442700,1
13.323447000,0
13.323451400,1
13.323464400,0
13.323468700,1
13.323473100,0
13.323477400,1
13.323481800,0
13.323490400,1
13.323494800,0
13.323499100,1
13.323507800,0
13.323512200,1
13.323516500,0
13.323520900,1
13.323538200,0
13.323542600,1
13.323546900,0
13.323555600,1
13.323560000,0
13.323568600,1
13.323577300,0
13.323581700,1
13.323594700,0
13.323599000,1
13.323603400,0
13.323607700,1
13.323612100,0
13.323620800,1
13.323625100,0
13.323629400,1
13.323638100,0
13.323642500,1
13.323646800,0
13.323651200,1
13.323655500,0
13.323659900,1
13.323664200,0
13.323672900,1
13.323681600,0
13.323685900,1
13.324342300,0
13.324346700,1
13.324359700,0
13.324364100,1
13.324377100,0
13.324381400,1
13.324385800,0
13.324390100,1
13.324411800,0
13.324416200,1
13.324420500,0
13.324424900,1
13.324429200,0
13.324450900,1
13.324464000,0
13.324468300,1
13.324472700,0
13.324477000,1
13.324494400,0
13.324498700,1
13.324507400,0
13.324511700,1
13.324516100,0
13.324524800,1
13.324529100,0
13.324537800,1
13.324550800,0
13.324555200,1
13.324559500,0
13.324572600,1
13.324576900,0
13.324581200,1
13.324594300,0
13.324598600,1
13.324603000,0
13.324611700,1
13.324624700,0
13.324629000,1
13.324633400,0
13.324642100,1
13.324646400,0
13.324650700,1
13.324659400,0
13.324672500,1
13.324681200,0
13.324685500,1
13.324689800,0
13.324698500,1
13.324702900,0
13.324707200,1
13.324720200,0
13.324728900,1
13.324733300,0
13.324737600,1
13.324742000,0
13.324755000,1
13.324763700,0
13.324772400,1
13.324776700,0
13.324794100,1
13.324807100,0
13.324815800,1
13.324820200,0
13.324824500,1
13.324828800,0
13.324833200,1
13.324837500,0
13.324841900,1
13.324850600,0
13.324859200,1
13.324863600,0
13.324867900,1
13.324872300,0
13.324876600,1
13.324885300,0
13.324902700,1
13.324907000,0
13.324915700,1
13.324920100,0
13.324924400,1
13.324928700,0
13.324946100,1
13.338068000,0
13.338172200,1
13.338276400,0
13.339005600,1
13.339110900,0
13.339215000,1
13.339319200,0
13.340048400,1
20.205397700,0
20.205406400,1
20.205423800,0
20.205441100,1
20.205449800,0
20.205458500,1
20.205467200,0
20.205475900,1
20.211251800,0
20.211260500,1
20.211286600,0
20.211295200,1
20.211303900,0
20.211312600,1
20.211321300,0
20.211330000,1
20.217251600,0
20.217277600,1
20.217286300,0
20.217303700,1
20.217321100,0
20.217329800,1
20.223249900,0
20.223258500,1
20.223267200,0
20.223275900,1
20.223284600,0
20.223293300,1
20.223319400,0
20.223328000,1
20.229249800,0
20.229267200,1
20.229275900,0
20.229301900,1
20.229319300,0
20.229328000,1
20.235251500,0
20.235260200,1
20.235277600,0
20.235294900,1
20.235312300,0
20.235329700,1
20.241251400,0
20.241268800,1
20.241277500,0
20.241286200,1
20.241294900,0
20.241312200,1
20.241320900,0
20.241329600,1
20.247249300,0
20.247275400,1
20.247292800,0
20.247301400,1
20.247318800,0
20.247327500,1
20.253249500,0
20.253258200,1
20.253266900,0
20.253284200,1
20.253292900,0
20.253310300,1
20.253319000,0
20.253327700,1
20.259249400,0
20.259258100,1
20.259284200,0
20.259310200,1
20.259318900,0
20.259327600,1
20.265249300,0
20.265266700,1
20.265284100,0
20.265310100,1
20.265318800,0
20.265327500,1
20.271249300,0
20.271257900,1
20.271275300,0
20.271292700,1
20.271318800,0
20.271327400,1
20.277249200,0
20.277266500,1
20.277275200,0
20.277301300,1
20.277318700,0
20.277327400,1
20.283249100,0
20.283257800,1
20.283275200,0
20.283309900,1
20.283318600,0
20.283327300,1
20.289249000,0
20.289266400,1
20.289275100,0
20.289309800,1
20.289318500,0
20.289327200,1
20.295248900,0
20.295257600,1
20.295283700,0
20.295292400,1
20.295318400,0
20.295327100,1
20.301248800,0
20.301257500,1
20.301274900,0
20.301301000,1
20.301318300,0
20.301327000,1
20.307248800,0
20.307257400,1
20.307266100,0
20.307274800,1
20.307292200,0
20.307300900,1
20.307318300,0
20.307326900,1
20.313248700,0
20.313266100,1
20.313283400,0
20.313292100,1
20.313300800,0
20.313309500,1
20.313318200,0
20.313326900,1
20.319248600,0
20.319266000,1
20.319274700,0
20.319292000,1
20.319309400,0
20.319326800,1
20.325248500,0
20.325257200,1
20.325265900,0
20.325300600,1
20.325318000,0
20.325326700,1
20.331248400,0
20.331257100,1
20.331283200,0
20.331291900,1
20.331300600,0
20.331309200,1
20.331317900,0
20.331326600,1
20.337248400,0
20.337257000,1
20.337265700,0
20.337283100,1
20.337309200,0
20.337326500,1
20.343248300,0
20.343257000,1
20.343265700,0
20.343291700,1
20.343309100,0
20.343326500,1
20.349248200,0
20.349256900,1
20.349274300,0
20.349300300,1
20.349317700,0
20.349326400,1
20.355248100,0
20.355256800,1
20.355265500,0
20.355282900,1
20.355317600,0
20.355326300,1
20.361248000,0
20.361265400,1
20.361274100,0
20.361308800,1
20.361317500,0
20.361326200,1
20.367247900,0
20.367291400,1
20.367317400,0
20.367326100,1
20.373247900,0
20.373265200,1
20.373273900,0
20.373300000,1
20.373317400,0
20.373326000,1
20.379247800,0
20.379265200,1
20.379291200,0
20.379299900,1
20.379317300,0
20.379326000,1
20.385247700,0
20.385265100,1
20.385291100,0
20.385308500,1
20.385317200,0
20.385325900,1
20.391247600,0
20.391291100,1
20.391308400,0
20.391325800,1
20.397247500,0
20.397256200,1
20.397273600,0
20.397299700,1
20.397317000,0
20.397325700,1
20.403247500,0
20.403264800,1
20.403290900,0
20.403299600,1
20.403317000,0
20.403325600,1
20.409247400,0
20.409264700,1
20.409282100,0
20.409290800,1
20.409299500,0
20.409308200,1
20.409316900,0
20.409325600,1
20.415247300,0
20.415264700,1
20.415273400,0
20.415282000,1
20.415290700,0
20.415299400,1
20.415316800,0
20.415325500,1
20.421247200,0
20.421273300,1
20.421282000,0
20.421299300,1
20.421316700,0
20.421325400,1
20.427247100,0
20.427255800,1
20.427281900,0
20.427307900,1
20.427316600,0
20.427325300,1
20.433247000,0
20.433273100,1
20.433290500,0
20.433299200,1
20.433316500,0
20.433325200,1
20.439248800,0
20.439266200,1
20.439283500,0
20.439292200,1
20.439318300,0
20.439327000,1
20.445246600,0
20.445264000,1
20.445272700,0
20.445298700,1
20.445316100,0
20.445324800,1
20.451246800,0
20.451264200,1
20.451290200,0
20.451298900,1
20.451316300,0
20.451325000,1
20.457246400,0
20.457255100,1
20.457263800,0
20.457272500,1
20.457289800,0
20.457307200,1
20.457315900,0
20.457324600,1
20.463246600,0
20.463255300,1
20.463264000,0
20.463272700,1
20.463281400,0
20.463290100,1
20.463316100,0
20.463324800,1
20.469246600,0
20.469255200,1
20.469263900,0
20.469281300,1
20.469290000,0
20.469307400,1
20.469316100,0
20.469324700,1
20.475247800,0
20.475256400,1
20.475265100,0
20.475273800,1
20.475282500,0
20.475308600,1
20.475317300,0
20.475325900,1
20.481246400,0
20.481255100,1
20.481263800,0
20.481281100,1
20.481307200,0
20.481324600,1
20.487246300,0
20.487255000,1
20.487263700,0
20.487289700,1
20.487307100,0
20.487324500,1
20.493247900,0
20.493273900,1
20.493282600,0
20.493300000,1
20.493317400,0
20.493326100,1
20.499247000,0
20.499281700,1
20.499290400,0
20.499307800,1
20.499316500,0
20.499325200,1
20.505246000,0
20.505263400,1
20.505272100,0
20.505306800,1
20.505315500,0
20.505324200,1
20.511245900,0
20.511254600,1
20.511263300,0
20.511289400,1
20.511306800,0
20.511324100,1
20.517245900,0
20.517271900,1
20.517280600,0
20.517298000,1
20.517315400,0
20.517324100,1
20.523245800,0
20.523254500,1
20.523271900,0
20.523306600,1
20.523315300,0
20.523324000,1
20.529245700,0
20.529263100,1
20.529271800,0
20.529306500,1
20.529315200,0
20.529323900,1
20.535245600,0
20.535254300,1
20.535263000,0
20.535271700,1
20.535280400,0
20.535289100,1
20.535306400,0
20.535323800,1
20.541245500,0
20.541262900,1
20.541271600,0
20.541297700,1
20.541315000,0
20.541323700,1
20.547245500,0
20.547254100,1
20.547271500,0
20.547288900,1
20.547306300,0
20.547323600,1
20.553245400,0
20.553262800,1
20.553280100,0
20.553288800,1
20.553297500,0
20.553306200,1
20.553314900,0
20.553323600,1
20.559245300,0
20.559254000,1
20.559262700,0
20.559280000,1
20.559314800,0
20.559323500,1
20.565245200,0
20.565253900,1
20.565262600,0
20.565280000,1
20.565288700,0
20.565306000,1
20.565314700,0
20.565323400,1
20.571245100,0
20.571279900,1
20.571288600,0
20.571305900,1
20.571314600,0
20.571323300,1
20.577245100,0
20.577262400,1
20.577288500,0
20.577305900,1
20.577314600,0
20.577323200,1
20.583245000,0
20.583253700,1
20.583262400,0
20.583271000,1
20.583279700,0
20.583288400,1
20.583305800,0
20.583323200,1
20.589244900,0
20.589253600,1
20.589271000,0
20.589297000,1
20.589314400,0
20.589323100,1
20.595244800,0
20.595253500,1
20.595270900,0
20.595288200,1
20.595305600,0
20.595323000,1
20.601244700,0
20.601262100,1
20.601270800,0
20.601288200,1
20.601296900,0
20.601305500,1
20.601314200,0
20.601322900,1
20.607244700,0
20.607270700,1
20.607288100,0
20.607296800,1
20.607314100,0
20.607322800,1
20.613244600,0
20.613261900,1
20.613270600,0
20.613296700,1
20.613314100,0
20.613322800,1
20.619244500,0
20.619253200,1
20.619270600,0
20.619287900,1
20.619296600,0
20.619305300,1
20.619314000,0
20.619322700,1
20.625244400,0
20.625261800,1
20.625270500,0
20.625305200,1
20.625313900,0
20.625322600,1
20.631244300,0
20.631253000,1
20.631279100,0
20.631287800,1
20.631313800,0
20.631322500,1
20.637246100,0
20.637254800,1
20.637272100,0
20.637298200,1
20.637315600,0
20.637324300,1
20.643245900,0
20.643254500,1
20.643263200,0
20.643271900,1
20.643289300,0
20.643298000,1
20.643315400,0
20.643324000,1
20.649244000,0
20.649252700,1
20.649261400,0
20.649278800,1
20.649304900,0
20.649322200,1
20.655244000,0
20.655270100,1
20.655278800,0
20.655287500,1
20.655313500,0
20.655322200,1
20.661243900,0
20.661252600,1
20.661270000,0
20.661296100,1
20.661313400,0
20.661322100,1
20.667243800,0
20.667278600,1
20.667287300,0
20.667304700,1
20.667313300,0
20.667322000,1
20.673261300,0
20.673269900,1
20.673278600,0
20.673304700,1
20.673313400,0
20.673322100,1
20.673330800,0
20.673339400,1
20.679243600,0
20.679252300,1
20.679261000,0
20.679269700,1
20.679278400,0
20.679287100,1
20.679313100,0
20.679321800,1
20.685243600,0
20.685261000,1
20.685269700,0
20.685278300,1
20.685287000,0
20.685321800,1
20.691243500,0
20.691260900,1
20.691269600,0
20.691278300,1
20.691286900,0
20.691321700,1
20.697243400,0
20.697269500,1
20.697278200,0
20.697286800,1
20.697295500,0
20.697304200,1
20.697312900,0
20.697321600,1
20.703243300,0
20.703278100,1
20.703286800,0
20.703295400,1
20.703312800,0
20.703321500,1
20.709243300,0
20.709251900,1
20.709260600,0
20.709269300,1
20.709278000,0
20.709295400,1
20.709312800,0
20.709321400,1
20.715243200,0
20.715295300,1
20.715304000,0
20.715321400,1
20.721243100,0
20.721251800,1
20.721260500,0
20.721295200,1
20.721312600,0
20.721321300,1
20.727243000,0
20.727260400,1
20.727269100,0
20.727295100,1
20.727312500,0
20.727321200,1
20.733242900,0
20.733251600,1
20.733286400,0
20.733295100,1
20.733312400,0
20.733321100,1
20.739242900,0
20.739260200,1
20.739277600,0
20.739286300,1
20.739312400,0
20.739321000,1
20.745242800,0
20.745251500,1
20.745260100,0
20.745268800,1
20.745277500,0
20.745294900,1
20.745312300,0
20.745321000,1
20.751242700,0
20.751294800,1
20.751303500,0
20.751320900,1
20.757242600,0
20.757251300,1
20.757260000,0
20.757277400,1
20.757286000,0
20.757294700,1
20.757312100,0
20.757320800,1
20.763242500,0
20.763251200,1
20.763268600,0
20.763286000,1
20.763312000,0
20.763320700,1
20.769242400,0
20.769294600,1
20.769303300,0
20.769320600,1
20.775242400,0
20.775251000,1
20.775259700,0
20.775294500,1
20.775311900,0
20.775320500,1
20.781242300,0
20.781294400,1
20.781303100,0
20.781320500,1
20.787242200,0
20.787259600,1
20.787268300,0
20.787294300,1
20.787311700,0
20.787320400,1
20.793242100,0
20.793250800,1
20.793259500,0
20.793294200,1
20.793311600,0
20.793320300,1
20.799242000,0
20.799250700,1
20.799268100,0
20.799285500,1
20.799311500,0
20.799320200,1
20.805242000,0
20.805250600,1
20.805259300,0
20.805268000,1
20.805276700,0
20.805294100,1
20.805311500,0
20.805320100,1
20.811241900,0
20.811259200,1
20.811276600,0
20.811285300,1
20.811302700,0
20.811320100,1
20.817241800,0
20.817267900,1
20.817276500,0
20.817285200,1
20.817302600,0
20.817320000,1
20.823243500,0
20.823252200,1
20.823260900,0
20.823269500,1
20.823286900,0
20.823295600,1
20.823304300,0
20.823321700,1
20.829243400,0
20.829252100,1
20.829260800,0
20.829269500,1
20.829278100,0
20.829295500,1
20.829312900,0
20.829321600,1
20.835243300,0
20.835260600,1
20.835286700,0
20.835295400,1
20.835312800,0
20.835321400,1
20.841243300,0
20.841251900,1
20.841269300,0
20.841295400,1
20.841312800,0
20.841321400,1
20.847242500,0
20.847251100,1
20.847285900,0
20.847294600,1
20.847312000,0
20.847320600,1
20.853242900,0
20.853268900,1
20.853277600,0
20.853295000,1
20.853312400,0
20.853321100,1
20.859242000,0
20.859250700,1
20.859259400,0
20.859268100,1
20.859276800,0
20.859294100,1
20.859311500,0
20.859320200,1
20.865241100,0
20.865267200,1
20.865275900,0
20.865293300,1
20.865310600,0
20.865319300,1
20.871241100,0
20.871293200,1
20.871301900,0
20.871319200,1
20.877241000,0
20.877249700,1
20.877258300,0
20.877267000,1
20.877284400,0
20.877293100,1
20.877310500,0
20.877319200,1
20.883240900,0
20.883249600,1
20.883258300,0
20.883266900,1
20.883275600,0
20.883293000,1
20.883310400,0
20.883319100,1
20.889240800,0
20.889249500,1
20.889266900,0
20.889284200,1
20.889310300,0
20.889319000,1
20.895240700,0
20.895249400,1
20.895266800,0
20.895284200,1
20.895310200,0
20.895318900,1
20.901240600,0
20.901249300,1
20.901258000,0
20.901292800,1
20.901310100,0
20.901318800,1
20.907240600,0
20.907249300,1
20.907275300,0
20.907292700,1
20.907310100,0
20.907318700,1
20.913240500,0
20.913249200,1
20.913257900,0
20.913266500,1
20.913275200,0
20.913292600,1
20.913310000,0
20.913318700,1
20.919240400,0
20.919292500,1
20.919301200,0
20.919318600,1
20.925240300,0
20.925257700,1
20.925275100,0
20.925292400,1
20.925309800,0
20.925318500,1
20.931240200,0
20.931257600,1
20.931266300,0
20.931283700,1
20.931309700,0
20.931318400,1
20.937240200,0
20.937248800,1
20.937283600,0
20.937292300,1
20.937309700,0
20.937318300,1
20.943240100,0
20.943248800,1
20.943257500,0
20.943266100,1
20.943283500,0
20.943292200,1
20.943309600,0
20.943318300,1
20.949240000,0
20.949292100,1
20.949300800,0
20.949318200,1
20.955240600,0
20.955266700,1
20.955275400,0
20.955284000,1
20.955310100,0
20.955318800,1
20.961239800,0
20.961274500,1
20.961283200,0
20.961291900,1
20.961309300,0
20.961318000,1
20.967239800,0
20.967248400,1
20.967257100,0
20.967265800,1
20.967274500,0
20.967291900,1
20.967309200,0
20.967317900,1
20.973239700,0
20.973291800,1
20.973300500,0
20.973317900,1
20.979239600,0
20.979248300,1
20.979265600,0
20.979283000,1
20.979309100,0
20.979317800,1
20.985239500,0
20.985248200,1
20.985256900,0
20.985274300,1
20.985309000,0
20.985317700,1
20.991239400,0
20.991248100,1
20.991265500,0
20.991282900,1
20.991308900,0
20.991317600,1
20.997239300,0
20.997265400,1
20.997274100,0
20.997282800,1
20.997308800,0
20.997317500,1
21.003239300,0
21.003247900,1
21.003256600,0
21.003265300,1
21.003274000,0
21.003291400,1
21.003308800,0
21.003317400,1
21.009239200,0
21.009247900,1
21.009256600,0
21.009265200,1
21.009282600,0
21.009291300,1
21.009308700,0
21.009317400,1
21.015239100,0
21.015291200,1
21.015299900,0
21.015317300,1
21.021239000,0
21.021247700,1
21.021256400,0
21.021291100,1
21.021308500,0
21.021317200,1
21.027238900,0
21.027265000,1
21.027273700,0
21.027291100,1
21.027308400,0
21.027317100,1
21.033238900,0
21.033247500,1
21.033256200,0
21.033264900,1
21.033282300,0
21.033291000,1
21.033308400,0
21.033317000,1
21.039240600,0
21.039249300,1
21.039258000,0
21.039275400,1
21.039284100,0
21.039292700,1
21.039310100,0
21.039318800,1
21.045238500,0
21.045255800,1
21.045281900,0
21.045290600,1
21.045308000,0
21.045316600,1
21.051238600,0
21.051247300,1
21.051256000,0
21.051273400,1
21.051282100,0
21.051290800,1
21.051308100,0
21.051316800,1
21.057238500,0
21.057247200,1
21.057264600,0
21.057282000,1
21.057308000,0
21.057316700,1
21.063238500,0
21.063264500,1
21.063273200,0
21.063281900,1
21.063308000,0
21.063316600,1
21.069238400,0
21.069255800,1
21.069264500,0
21.069281800,1
21.069307900,0
21.069316600,1
21.075238300,0
21.075247000,1
21.075255700,0
21.075290400,1
21.075307800,0
21.075316500,1
21.081238200,0
21.081264300,1
21.081273000,0
21.081281700,1
21.081307700,0
21.081316400,1
21.087238100,0
21.087246800,1
21.087281600,0
21.087290300,1
21.087307600,0
21.087316300,1
21.093237900,0
21.093255300,1
21.093264000,0
21.093281300,1
21.093307400,0
21.093316100,1
21.099238000,0
21.099255300,1
21.099281400,0
21.099290100,1
21.099298800,0
21.099316100,1
21.105237900,0
21.105290000,1
21.105298700,0
21.105316000,1
21.111237800,0
21.111281200,1
21.111289900,0
21.111298600,1
21.111307300,0
21.111316000,1
21.117237700,0
21.117263800,1
21.117281100,0
21.117289800,1
21.117307200,0
21.117315900,1
21.123237600,0
21.123246300,1
21.123255000,0
21.123263700,1
21.123272400,0
21.123289700,1
21.123307100,0
21.123315800,1
21.129270000,0
21.129278700,1
21.129287400,0
21.129322100,1
21.129339500,0
21.129348200,1
21.135237400,0
21.135246100,1
21.135263500,0
21.135280800,1
21.135306900,0
21.135315600,1
21.141237400,0
21.141246000,1
21.141254700,0
21.141263400,1
21.141272100,0
21.141289500,1
21.141306900,0
21.141315500,1
21.147237300,0
21.147289400,1
21.147298100,0
21.147315500,1
21.153237200,0
21.153263300,1
21.153272000,0
21.153289300,1
21.153306700,0
21.153315400,1
21.159238800,0
21.159247500,1
21.159256200,0
21.159264900,1
21.159273600,0
21.159290900,1
21.159308300,0
21.159317000,1
21.165237900,0
21.165246600,1
21.165264000,0
21.165290000,1
21.165307400,0
21.165316100,1
21.171237000,0
21.171245700,1
21.171280400,0
21.171289100,1
21.171306500,0
21.171315200,1
21.177236900,0
21.177263000,1
21.177271700,0
21.177289000,1
21.177306400,0
21.177315100,1
21.183236800,0
21.183245500,1
21.183254200,0
21.183262900,1
21.183271600,0
21.183288900,1
21.183306300,0
21.183315000,1
21.189236700,0
21.189288800,1
21.189297500,0
21.189314900,1
21.195236600,0
21.195245300,1
21.195254000,0
21.195271400,1
21.195280100,0
21.195288800,1
21.195306100,0
21.195314800,1
21.201236500,0
21.201262600,1
21.201271300,0
21.201280000,1
21.201306000,0
21.201314700,1
21.207236500,0
21.207288600,1
21.207297300,0
21.207314600,1
21.213236400,0
21.213245100,1
21.213253800,0
21.213288500,1
21.213305900,0
21.213314600,1
21.219236300,0
21.219253700,1
21.219279800,0
21.219288400,1
21.219305800,0
21.219314500,1
21.225236200,0
21.225262300,1
21.225271000,0
21.225288400,1
21.225305700,0
21.225314400,1
21.231236200,0
21.231288300,1
21.231297000,0
21.231314300,1
21.237237900,0
21.237255300,1
21.237272700,0
21.237290000,1
21.237307400,0
21.237316100,1
21.243237700,0
21.243246400,1
21.243281100,0
21.243289800,1
21.243307200,0
21.243315900,1
21.249235900,0
21.249261900,1
21.249279300,0
21.249288000,1
21.249305400,0
21.249314100,1
21.255235900,0
21.255261900,1
21.255279300,0
21.255288000,1
21.255305400,0
21.255314000,1
21.261235800,0
21.261244400,1
21.261279200,0
21.261287900,1
21.261305300,0
21.261313900,1
21.267235700,0
21.267244400,1
21.267270400,0
21.267279100,1
21.267305200,0
21.267313900,1
21.273235600,0
21.273287700,1
21.273296400,0
21.273313800,1
21.279235500,0
21.279261600,1
21.279270300,0
21.279279000,1
21.279305000,0
21.279313700,1
21.285235500,0
21.285270200,1
21.285278900,0
21.285287600,1
21.285305000,0
21.285313600,1
21.291235400,0
21.291244100,1
21.291252700,0
21.291261400,1
21.291270100,0
21.291287500,1
21.291304900,0
21.291313600,1
21.297235300,0
21.297287400,1
21.297296100,0
21.297313500,1
21.303235200,0
21.303243900,1
21.303252600,0
21.303270000,1
21.303278600,0
21.303287300,1
21.303304700,0
21.303313400,1
21.309235100,0
21.309252500,1
21.309278600,0
21.309287200,1
21.309304600,0
21.309313300,1
21.315235000,0
21.315243700,1
21.315261100,0
21.315278500,1
21.315304500,0
21.315313200,1
21.321235000,0
21.321261000,1
21.321269700,0
21.321278400,1
21.321304500,0
21.321313100,1
21.327234900,0
21.327252300,1
21.327260900,0
21.327278300,1
21.327304400,0
21.327313100,1
21.333234800,0
21.333243500,1
21.333252200,0
21.333260900,1
21.333269500,0
21.333278200,1
21.333304300,0
21.333313000,1
21.339234700,0
21.339243400,1
21.339260800,0
21.339286800,1
21.339304200,0
21.339312900,1
21.345234600,0
21.345260700,1
21.345269400,0
21.345278100,1
21.345304100,0
21.345312800,1
21.351234600,0
21.351243200,1
21.351251900,0
21.351269300,1
21.351278000,0
21.351286700,1
21.351304100,0
21.351312700,1
21.357234500,0
21.357243200,1
21.357277900,0
21.357286600,1
21.357304000,0
21.357312700,1
21.363234400,0
21.363251800,1
21.363277800,0
21.363286500,1
21.363303900,0
21.363312600,1
21.369234300,0
21.369243000,1
21.369260400,0
21.369277700,1
21.369303800,0
21.369312500,1
21.375234200,0
21.375286300,1
21.375295000,0
21.375312400,1
21.381234100,0
21.381242800,1
21.381251500,0
21.381260200,1
21.381268900,0
21.381286300,1
21.381303600,0
21.381312300,1
21.387234100,0
21.387268800,1
21.387303600,0
21.387312200,1
21.393234000,0
21.393242700,1
21.393251400,0
21.393286100,1
21.393303500,0
21.393312200,1
21.399233900,0
21.399242600,1
21.399260000,0
21.399286000,1
21.399303400,0
21.399312100,1
21.405233800,0
21.405259900,1
21.405268600,0
21.405277300,1
21.405303300,0
21.405312000,1
21.411233700,0
21.411259800,1
21.411277200,0
21.411285900,1
21.411303200,0
21.411311900,1
21.417233700,0
21.417242300,1
21.417251000,0
21.417268400,1
21.417303200,0
21.417311800,1
21.423233600,0
21.423250900,1
21.423277000,0
21.423285700,1
21.423294400,0
21.423311800,1
21.429234200,0
21.429251600,1
21.429260300,0
21.429268900,1
21.429277600,0
21.429312400,1
25.015091200,1
